{
  "RandomForest": {
    "accuracy": 0.8,
    "precision": 1.0,
    "recall": 0.5,
    "f1": 0.6666666666666666
  },
  "GradientBoosting": {
    "accuracy": 0.8,
    "precision": 1.0,
    "recall": 0.5,
    "f1": 0.6666666666666666
  },
  "NeuralNetwork": {
    "accuracy": 0.8,
    "precision": 1.0,
    "recall": 0.5,
    "f1": 0.6666666666666666
  },
  "Ensemble": {
    "accuracy": 0.8,
    "precision": 1.0,
    "recall": 0.5,
    "f1": 0.6666666666666666
  }
}